kolkata,18°C,"Tuesday, 05. December 2017 06:23PM"
jhargram,16°C,"Tuesday, 05. December 2017 06:23PM"
bengaluru,19°C,"Tuesday, 05. December 2017 06:23PM"
delhi,17°C,"Tuesday, 05. December 2017 06:23PM"
mumbai,25°C,"Tuesday, 05. December 2017 06:23PM"
chennai,26°C,"Tuesday, 05. December 2017 06:23PM"
pune,23°C,"Tuesday, 05. December 2017 06:23PM"
patna,15°C,"Tuesday, 05. December 2017 06:23PM"
nyc,16°C,"Tuesday, 05. December 2017 06:23PM"
chicago,1°C,"Tuesday, 05. December 2017 06:23PM"
boston,7°C,"Tuesday, 05. December 2017 06:23PM"
minnesota,-8°C,"Tuesday, 05. December 2017 06:23PM"
philadelphia,17°C,"Tuesday, 05. December 2017 06:23PM"
sioux+falls,-5°C,"Tuesday, 05. December 2017 06:23PM"
bemidji,-13°C,"Tuesday, 05. December 2017 06:23PM"
washington+dc,14°C,"Tuesday, 05. December 2017 06:23PM"
miami,27°C,"Tuesday, 05. December 2017 06:23PM"
mississipi,14°C,"Tuesday, 05. December 2017 06:23PM"
tennessee,9°C,"Tuesday, 05. December 2017 06:23PM"
houston,19°C,"Tuesday, 05. December 2017 06:23PM"
el+paso,11°C,"Tuesday, 05. December 2017 06:23PM"
albuquerque,6°C,"Tuesday, 05. December 2017 06:23PM"
los+angeles,19°C,"Tuesday, 05. December 2017 06:23PM"
san+francisco,16°C,"Tuesday, 05. December 2017 06:23PM"
san+diego,17°C,"Tuesday, 05. December 2017 06:23PM"
las+vegas,10°C,"Tuesday, 05. December 2017 06:23PM"
aspen,-2°C,"Tuesday, 05. December 2017 06:23PM"
denver,7°C,"Tuesday, 05. December 2017 06:23PM"
oklahoma+city,4°C,"Tuesday, 05. December 2017 06:23PM"
omaha,3°C,"Tuesday, 05. December 2017 06:23PM"
seattle,3°C,"Tuesday, 05. December 2017 06:23PM"
berlin,7°C,"Tuesday, 05. December 2017 06:23PM"
munich,3°C,"Tuesday, 05. December 2017 06:23PM"
hamburg,7°C,"Tuesday, 05. December 2017 06:23PM"
frankfurt,6°C,"Tuesday, 05. December 2017 06:23PM"
cologne,8°C,"Tuesday, 05. December 2017 06:23PM"
rome,7°C,"Tuesday, 05. December 2017 06:23PM"
milan,4°C,"Tuesday, 05. December 2017 06:23PM"
tuscany,5°C,"Tuesday, 05. December 2017 06:23PM"
sicilly,6°C,"Tuesday, 05. December 2017 06:23PM"
naples,8°C,"Tuesday, 05. December 2017 06:23PM"
modena,3°C,"Tuesday, 05. December 2017 06:23PM"
turin,6°C,"Tuesday, 05. December 2017 06:23PM"
lombardy,2°C,"Tuesday, 05. December 2017 06:23PM"
amsterdam,9°C,"Tuesday, 05. December 2017 06:23PM"
paris,7°C,"Tuesday, 05. December 2017 06:23PM"
versailles,7°C,"Tuesday, 05. December 2017 06:23PM"
normandy,7°C,"Tuesday, 05. December 2017 06:23PM"
london,9°C,"Tuesday, 05. December 2017 06:23PM"
devonshire,8°C,"Tuesday, 05. December 2017 06:23PM"
glasgow,8°C,"Tuesday, 05. December 2017 06:23PM"
dublin,9°C,"Tuesday, 05. December 2017 06:23PM"
wales,8°C,"Tuesday, 05. December 2017 06:23PM"
york,7°C,"Tuesday, 05. December 2017 06:23PM"
lancashire,8°C,"Tuesday, 05. December 2017 06:23PM"
madrid,8°C,"Tuesday, 05. December 2017 06:23PM"
barcelona,11°C,"Tuesday, 05. December 2017 06:23PM"
sevilla,13°C,"Tuesday, 05. December 2017 06:23PM"
lisbon,11°C,"Tuesday, 05. December 2017 06:23PM"
reykjavik,-3°C,"Tuesday, 05. December 2017 06:23PM"
oslo,2°C,"Tuesday, 05. December 2017 06:23PM"
stockholm,-1°C,"Tuesday, 05. December 2017 06:23PM"
helsinki,1°C,"Tuesday, 05. December 2017 06:23PM"
kolkata,23°C,"Wednesday, 06. December 2017 12:41PM"
jhargram,22°C,"Wednesday, 06. December 2017 12:41PM"
bengaluru,25°C,"Wednesday, 06. December 2017 12:41PM"
delhi,21°C,"Wednesday, 06. December 2017 12:41PM"
mumbai,26°C,"Wednesday, 06. December 2017 12:41PM"
chennai,27°C,"Wednesday, 06. December 2017 12:41PM"
pune,24°C,"Wednesday, 06. December 2017 12:41PM"
patna,22°C,"Wednesday, 06. December 2017 12:41PM"
nyc,8°C,"Wednesday, 06. December 2017 12:41PM"
chicago,0°C,"Wednesday, 06. December 2017 12:41PM"
boston,11°C,"Wednesday, 06. December 2017 12:41PM"
minnesota,-9°C,"Wednesday, 06. December 2017 12:41PM"
philadelphia,7°C,"Wednesday, 06. December 2017 12:41PM"
sioux+falls,-3°C,"Wednesday, 06. December 2017 12:41PM"
bemidji,-14°C,"Wednesday, 06. December 2017 12:41PM"
washington+dc,6°C,"Wednesday, 06. December 2017 12:41PM"
miami,23°C,"Wednesday, 06. December 2017 12:41PM"
mississipi,5°C,"Wednesday, 06. December 2017 12:41PM"
tennessee,2°C,"Wednesday, 06. December 2017 12:41PM"
houston,8°C,"Wednesday, 06. December 2017 12:41PM"
el+paso,5°C,"Wednesday, 06. December 2017 12:41PM"
albuquerque,-4°C,"Wednesday, 06. December 2017 12:41PM"
los+angeles,9°C,"Wednesday, 06. December 2017 12:41PM"
san+francisco,8°C,"Wednesday, 06. December 2017 12:41PM"
san+diego,11°C,"Wednesday, 06. December 2017 12:41PM"
las+vegas,7°C,"Wednesday, 06. December 2017 12:41PM"
aspen,-12°C,"Wednesday, 06. December 2017 12:41PM"
denver,-4°C,"Wednesday, 06. December 2017 12:41PM"
oklahoma+city,1°C,"Wednesday, 06. December 2017 12:41PM"
omaha,0°C,"Wednesday, 06. December 2017 12:41PM"
seattle,3°C,"Wednesday, 06. December 2017 12:41PM"
berlin,8°C,"Wednesday, 06. December 2017 12:41PM"
munich,2°C,"Wednesday, 06. December 2017 12:41PM"
hamburg,8°C,"Wednesday, 06. December 2017 12:41PM"
frankfurt,7°C,"Wednesday, 06. December 2017 12:41PM"
cologne,9°C,"Wednesday, 06. December 2017 12:41PM"
rome,13°C,"Wednesday, 06. December 2017 12:41PM"
milan,9°C,"Wednesday, 06. December 2017 12:41PM"
tuscany,9°C,"Wednesday, 06. December 2017 12:41PM"
sicilly,12°C,"Wednesday, 06. December 2017 12:41PM"
naples,13°C,"Wednesday, 06. December 2017 12:41PM"
modena,10°C,"Wednesday, 06. December 2017 12:41PM"
turin,9°C,"Wednesday, 06. December 2017 12:41PM"
lombardy,9°C,"Wednesday, 06. December 2017 12:41PM"
amsterdam,10°C,"Wednesday, 06. December 2017 12:41PM"
paris,7°C,"Wednesday, 06. December 2017 12:41PM"
versailles,6°C,"Wednesday, 06. December 2017 12:41PM"
normandy,8°C,"Wednesday, 06. December 2017 12:41PM"
london,11°C,"Wednesday, 06. December 2017 12:41PM"
devonshire,11°C,"Wednesday, 06. December 2017 12:41PM"
glasgow,10°C,"Wednesday, 06. December 2017 12:41PM"
dublin,12°C,"Wednesday, 06. December 2017 12:41PM"
wales,11°C,"Wednesday, 06. December 2017 12:41PM"
york,11°C,"Wednesday, 06. December 2017 12:41PM"
lancashire,10°C,"Wednesday, 06. December 2017 12:41PM"
madrid,8°C,"Wednesday, 06. December 2017 12:41PM"
barcelona,13°C,"Wednesday, 06. December 2017 12:41PM"
sevilla,13°C,"Wednesday, 06. December 2017 12:41PM"
lisbon,11°C,"Wednesday, 06. December 2017 12:41PM"
reykjavik,0°C,"Wednesday, 06. December 2017 12:41PM"
oslo,1°C,"Wednesday, 06. December 2017 12:41PM"
stockholm,0°C,"Wednesday, 06. December 2017 12:41PM"
helsinki,-1°C,"Wednesday, 06. December 2017 12:41PM"
