Delhi,19,Saturday 7:00 PM
,,
"Kolkata, West Bengal",21,Saturday 7:00 PM
,,
"Jhargram, West Bengal",21,Saturday 7:00 PM
,,
"Mumbai, Maharashtra",26,Saturday 7:00 PM
,,
"Bengaluru, Karnataka",22,Saturday 7:00 PM
,,
"Chennai, Tamil Nadu",27,Saturday 7:00 PM
,,
"Hyderabad, Telangana",24,Saturday 7:00 PM
,,
"Thiruvananthapuram, Kerala",28,Saturday 7:00 PM
,,
"Gangtok, Sikkim",13,Saturday 7:00 PM
,,
"Tokyo, Japan",5,Saturday 11:00 PM
,,
"Seoul, South Korea",-1,Saturday 11:00 PM
,,
"Ulaanbaatar, Mongolia",-17,Saturday 10:00 PM
,,
"Beijing, China",4,Saturday 10:00 PM
,,
Hong Kong,15,Saturday 10:00 PM
,,
"Taipei, Taiwan",16,Saturday 10:00 PM
,,
"Manila, Metro Manila, Philippines",27,Saturday 10:00 PM
,,
"Ho Chi Minh City, Ho Chi Minh, Vietnam",26,Saturday 9:00 PM
,,
"Kuala Lumpur, Federal Territory of Kuala Lumpur, Malaysia",26,Saturday 10:00 PM
,,
"Jakarta, Indonesia",27,Saturday 9:00 PM
,,
Singapore,27,Saturday 10:00 PM
,,
"Bangkok, Thailand",27,Saturday 9:00 PM
,,
"Yangon, Myanmar (Burma)",27,Saturday 8:00 PM
,,
"Dhaka, Bangladesh",22,Saturday 8:00 PM
,,
"Colombo, Sri Lanka",27,Saturday 7:00 PM
,,
"Kathmandu, Nepal",15,Saturday 8:00 PM
,,
"Thimphu, Bhutan",9,Saturday 8:00 PM
,,
"Islamabad, Pakistan",16,Saturday 7:00 PM
,,
"Tehran, Tehran Province, Iran",8,Saturday 5:00 PM
,,
"Kabul, Afghanistan",7,Saturday 6:00 PM
,,
Dubai - United Arab Emirates,24,Saturday 6:00 PM
,,
"Baghdad, Iraq",14,Saturday 5:00 PM
,,
"Damascus, Syria",12,Saturday 4:00 PM
,,
"Jerusalem, Israel",14,Saturday 4:00 PM
,,
"Istanbul, Turkey",15,Saturday 5:00 PM
,,
"Berlin, Germany",2,Saturday 3:00 PM
,,
"Munich, Germany",-1,Saturday 3:00 PM
,,
"Vienna, Austria",2,Saturday 3:00 PM
,,
"Geneva, Switzerland",4,Saturday 3:00 PM
,,
"Rome, Metropolitan City of Rome, Italy",10,Saturday 3:00 PM
,,
"Florence, Metropolitan City of Florence, Italy",7,Saturday 3:00 PM
,,
"Venice, Metropolitan City of Venice, Italy",8,Saturday 3:00 PM
,,
"Paris, France",5,Saturday 3:00 PM
,,
"Amsterdam, Netherlands",4,Saturday 3:00 PM
,,
"Brussels, Belgium",2,Saturday 3:00 PM
,,
"London, UK",4,Saturday 2:00 PM
,,
"Edinburgh, UK",2,Saturday 2:00 PM
,,
"Glasgow, UK",3,Saturday 2:00 PM
,,
"Belfast, UK",2,Saturday 2:00 PM
,,
"Dublin, County Dublin, Ireland",4,Saturday 2:00 PM
,,
"Stockholm, Sweden",3,Saturday 3:00 PM
,,
"Helsinki, Finland",4,Saturday 4:00 PM
,,
"Reykjavík, Iceland",-4,Saturday 2:00 PM
,,
"Oslo, Norway",4,Saturday 3:00 PM
,,
"Madrid, Spain",13,Saturday 3:00 PM
,,
"Barcelona, Spain",12,Saturday 3:00 PM
,,
"Lisbon, Portugal",18,Saturday 2:00 PM
,,
"Athens, Greece",17,Saturday 4:00 PM
,,
"New York, NY, USA",2,Saturday 9:00 AM
,,
"Los Angeles, CA, USA",13,Saturday 6:00 AM
,,
"Chicago, IL, USA",-1,Saturday 8:00 AM
,,
"Houston, TX, USA",2,Saturday 8:00 AM
,,
"Phoenix, AZ, USA",3,Saturday 7:00 AM
,,
"Philadelphia, PA, USA",2,Saturday 9:00 AM
,,
"San Francisco, CA, USA",8,Saturday 6:00 AM
,,
"Seattle, WA, USA",1,Saturday 6:00 AM
,,
"Denver, CO, USA",0,Saturday 7:00 AM
,,
"Washington, DC, USA",2,Saturday 9:00 AM
,,
"Boston, MA, USA",2,Saturday 9:00 AM
,,
"Nashville, TN, USA",-2,Saturday 8:00 AM
,,
"Detroit, MI, USA",-3,Saturday 9:00 AM
,,
"Minneapolis, MN, USA",-8,Saturday 8:00 AM
,,
"Honolulu, HI, USA",21,Saturday 4:00 AM
,,
"Las Vegas, NV, USA",6,Saturday 6:00 AM
,,
"Aspen, CO, USA",-9,Saturday 7:00 AM
,,
"Vancouver, BC, Canada",1,Saturday 6:00 AM
,,
"Toronto, ON, Canada",1,Saturday 9:00 AM
,,
"Banff, AB, Canada",-9,Saturday 7:00 AM
,,
"Prague, Czechia",1,Saturday 3:00 PM
,,
"Budapest, Hungary",3,Saturday 3:00 PM
,,
"Sydney NSW, Australia",18,Sunday 1:00 AM
,,
"Buenos Aires, Argentina",32,Saturday 11:00 AM
,,
"Rio de Janeiro, State of Rio de Janeiro, Brazil",27,Saturday 12:00 PM
,,
"Mexico City, CDMX, Mexico",4,Saturday 8:00 AM
,,
"Addis Ababa, Ethiopia",19,Saturday 5:00 PM
,,
"Mogadishu, Somalia",28,Saturday 5:00 PM
,,
"Accra, Ghana",28,Saturday 2:00 PM
,,
"Cairo, Egypt",19,Saturday 4:00 PM
,,
"Moscow, Russia",1,Saturday 5:00 PM
,,
"Oymyakon, Sakha Republic, Russia",-48,Sunday 12:00 AM
